{"accuracy": [0.6156768202781677, 0.8672593832015991, 0.9175759553909302, 0.9410626888275146, 0.9569528698921204, 0.9653602838516235, 0.971463143825531, 0.9761434197425842, 0.9801692962646484, 0.9821608662605286], "loss": [1.3010241985321045, 0.4194487929344177, 0.25517770648002625, 0.17832151055335999, 0.13245314359664917, 0.10384263843297958, 0.0849960520863533, 0.07374156266450882, 0.06049216166138649, 0.053628988564014435], "val_accuracy": [0.8467448353767395, 0.8931254148483276, 0.909002959728241, 0.9351809620857239, 0.9461643695831299, 0.948952853679657, 0.952595055103302, 0.9611882567405701, 0.9697814583778381, 0.9609606266021729], "val_loss": [0.4837344288825989, 0.3385571241378784, 0.28989914059638977, 0.19788116216659546, 0.1711350828409195, 0.1618264615535736, 0.15370257198810577, 0.13044895231723785, 0.10069292038679123, 0.12649036943912506]}